id;name;details;application_no;application_date;agent_name;agent_address;proprietor_name;proprietor_address;head_office;img_url;tm_class;journal_no;deleted;usage;associated_tms;trademark_status;created_date;modified_date;renewal_date;type;page_no
1;ultimate;yet deceivingly even;18859;2024-05-22;unfreeze premium vastly;hold prance;wherever who;reproach aw drab;DELHI;oh ouch;25651;16029;false;unkempt till;lone;consequently except times;2024-05-22T12:38:59;2024-05-22T10:25:56;2024-05-22;TRADEMARK_WITH_IMAGE;26967
2;mockingly exterior optimistic;as;4715;2024-05-21;intently untrue;revoke yippee safely;demob;baggy makeover far;DELHI;whoa;17653;26933;false;opposite;gosh technician variable;pish;2024-05-21T23:20:04;2024-05-22T10:38:28;2024-05-21;IMAGEMARK;19037
3;near;notwithstanding kindly;2374;2024-05-22;wherever lest;shrill;even since darn;blink stale;CHENNAI;now ick;27297;24502;true;upwardly hence scenario;ha because hopelessly;lovingly override er;2024-05-21T22:00:44;2024-05-22T12:07:05;2024-05-22;TRADEMARK_WITH_IMAGE;24333
4;woeful phooey infinite;nor acquire outset;5204;2024-05-22;flawless ew;opposite a;the fundraising yowza;ew;KOLKATA;outbid a aw;7563;17559;false;past on expostulate;though including;geez steeple;2024-05-22T00:44:26;2024-05-22T08:32:32;2024-05-22;SLOGAN;5403
5;toward engage;pry tightly;21535;2024-05-22;harmful without;suddenly;sparse in and;toward private;KOLKATA;sometimes colorfully a;31517;18050;true;enchanting apropos;apropos chubby attraction;gee whole;2024-05-22T07:52:59;2024-05-22T00:50:13;2024-05-22;TRADEMARK;10888
6;eyeglasses astride godparent;though consign;22962;2024-05-22;license than squeaky;what summarise;finally;though;MUMBAI;as emergent;513;21124;false;aircraft corrupt gah;innocent scrutinise per;amidst;2024-05-22T02:39:12;2024-05-22T12:46:44;2024-05-22;IMAGEMARK;19984
7;including around;towards;23105;2024-05-22;which generously scrap;reiterate;dial;cloudy wherever astride;MUMBAI;charter towards timely;23546;21338;false;because apud;mid spherical punctually;irritably owlishly;2024-05-21T17:50:59;2024-05-22T08:08:50;2024-05-22;TRADEMARK;110
8;because;following;16668;2024-05-22;minus milky;outfox;finer;micromanage whereas wetly;MUMBAI;boohoo positively object;17648;4836;true;enthusiastically likely;t-shirt infatuated;about;2024-05-22T10:43:19;2024-05-21T22:35:37;2024-05-22;TRADEMARK;13487
9;against;crocodile patroller;5955;2024-05-22;innocent amongst abaft;pace pretty yesterday;meh investigate accidentally;cautious ha hm;KOLKATA;fedora once;29996;9856;true;corner;during aggravating um;uh-huh fooey;2024-05-22T03:31:05;2024-05-22T05:17:59;2024-05-22;SOUNDMARK;32453
10;prudent stunning eek;patiently term if;26050;2024-05-22;sew;altruistic sediment noted;kissingly insert oof;yawningly beneath;MUMBAI;gee;4860;19649;true;reckon crest;task astride when;whereas;2024-05-22T09:41:55;2024-05-22T12:27:19;2024-05-22;TRADEMARK;712
